{
  "total_trades": 2,
  "winning_trades": 2,
  "win_rate": 1.0,
  "total_pnl": 1577.232482833749,
  "avg_trade": 788.6162414168745,
  "final_capital": 51577.232482833744,
  "return_pct": 3.154464965667488,
  "sharpe_ratio": 3.612245453267899,
  "max_drawdown": 0.0,
  "hedge_ratio": 0.5585668003888554
}